id;ident;created_at;updated_at
1;20049;2024-08-15T20:53:57;2024-08-15T19:16:35
2;11598;2024-08-16T06:07:52;2024-08-16T03:10:49
3;30918;2024-08-15T16:47:40;2024-08-16T01:16:40
4;30555;2024-08-15T21:39:40;2024-08-15T21:20:28
5;17653;2024-08-16T02:27:08;2024-08-15T22:57:14
6;15348;2024-08-15T18:29:06;2024-08-15T22:26:31
7;6030;2024-08-15T16:20:46;2024-08-15T13:09:27
8;19675;2024-08-16T06:32:07;2024-08-16T01:33:39
9;6857;2024-08-15T21:41:59;2024-08-16T05:18:19
10;15755;2024-08-16T03:28:19;2024-08-16T01:07:23
